[{"model": "admin.logentry", "pk": 104, "fields": {"action_time": "2024-01-23T16:25:16.063Z", "user": 14, "content_type": 6, "object_id": "12", "object_repr": "denys123", "action_flag": 3, "change_message": ""}}, {"model": "admin.logentry", "pk": 105, "fields": {"action_time": "2024-01-23T16:25:16.068Z", "user": 14, "content_type": 6, "object_id": "11", "object_repr": "denys123123", "action_flag": 3, "change_message": ""}}, {"model": "admin.logentry", "pk": 106, "fields": {"action_time": "2024-01-23T16:25:16.073Z", "user": 14, "content_type": 6, "object_id": "10", "object_repr": "denys_denys_denys", "action_flag": 3, "change_message": ""}}, {"model": "admin.logentry", "pk": 107, "fields": {"action_time": "2024-01-23T16:25:16.079Z", "user": 14, "content_type": 6, "object_id": "9", "object_repr": "erdgerg", "action_flag": 3, "change_message": ""}}, {"model": "admin.logentry", "pk": 108, "fields": {"action_time": "2024-01-23T16:25:16.084Z", "user": 14, "content_type": 6, "object_id": "8", "object_repr": "username222", "action_flag": 3, "change_message": ""}}, {"model": "admin.logentry", "pk": 109, "fields": {"action_time": "2024-01-23T16:25:16.089Z", "user": 14, "content_type": 6, "object_id": "7", "object_repr": "username2323", "action_flag": 3, "change_message": ""}}, {"model": "admin.logentry", "pk": 110, "fields": {"action_time": "2024-01-23T16:25:16.095Z", "user": 14, "content_type": 6, "object_id": "5", "object_repr": "", "action_flag": 3, "change_message": ""}}, {"model": "admin.logentry", "pk": 111, "fields": {"action_time": "2024-01-23T16:25:16.100Z", "user": 14, "content_type": 6, "object_id": "4", "object_repr": "username", "action_flag": 3, "change_message": ""}}, {"model": "admin.logentry", "pk": 112, "fields": {"action_time": "2024-01-23T16:25:16.105Z", "user": 14, "content_type": 6, "object_id": "3", "object_repr": "administration", "action_flag": 3, "change_message": ""}}, {"model": "admin.logentry", "pk": 113, "fields": {"action_time": "2024-01-23T16:25:16.110Z", "user": 14, "content_type": 6, "object_id": "2", "object_repr": "Denyska", "action_flag": 3, "change_message": ""}}, {"model": "admin.logentry", "pk": 114, "fields": {"action_time": "2024-01-23T16:55:37.229Z", "user": 14, "content_type": 6, "object_id": "6", "object_repr": "adminadmin", "action_flag": 3, "change_message": ""}}, {"model": "admin.logentry", "pk": 115, "fields": {"action_time": "2024-01-23T16:55:37.234Z", "user": 14, "content_type": 6, "object_id": "1", "object_repr": "wefwefwef", "action_flag": 3, "change_message": ""}}, {"model": "admin.logentry", "pk": 116, "fields": {"action_time": "2024-01-23T16:55:50.325Z", "user": 14, "content_type": 6, "object_id": "15", "object_repr": "denys", "action_flag": 3, "change_message": ""}}, {"model": "admin.logentry", "pk": 117, "fields": {"action_time": "2024-01-23T17:53:26.303Z", "user": 14, "content_type": 6, "object_id": "16", "object_repr": "denys", "action_flag": 3, "change_message": ""}}, {"model": "admin.logentry", "pk": 118, "fields": {"action_time": "2024-01-23T17:57:59.984Z", "user": 14, "content_type": 6, "object_id": "17", "object_repr": "denys", "action_flag": 3, "change_message": ""}}, {"model": "admin.logentry", "pk": 119, "fields": {"action_time": "2024-01-23T18:06:25.176Z", "user": 14, "content_type": 6, "object_id": "18", "object_repr": "denys", "action_flag": 3, "change_message": ""}}, {"model": "admin.logentry", "pk": 120, "fields": {"action_time": "2024-01-23T18:18:50.622Z", "user": 14, "content_type": 6, "object_id": "19", "object_repr": "wefwef", "action_flag": 3, "change_message": ""}}, {"model": "admin.logentry", "pk": 121, "fields": {"action_time": "2024-01-23T18:20:29.109Z", "user": 14, "content_type": 6, "object_id": "20", "object_repr": "denys", "action_flag": 3, "change_message": ""}}, {"model": "admin.logentry", "pk": 122, "fields": {"action_time": "2024-02-02T00:42:18.271Z", "user": 14, "content_type": 6, "object_id": "22", "object_repr": "denys2", "action_flag": 3, "change_message": ""}}, {"model": "admin.logentry", "pk": 123, "fields": {"action_time": "2024-02-02T00:42:18.276Z", "user": 14, "content_type": 6, "object_id": "21", "object_repr": "denys", "action_flag": 3, "change_message": ""}}, {"model": "admin.logentry", "pk": 124, "fields": {"action_time": "2024-02-02T00:42:18.281Z", "user": 14, "content_type": 6, "object_id": "13", "object_repr": "blabla", "action_flag": 3, "change_message": ""}}, {"model": "admin.logentry", "pk": 125, "fields": {"action_time": "2024-02-22T03:39:20.314Z", "user": 14, "content_type": 19, "object_id": "4", "object_repr": "Domane SLR 9 AXS Gen 4/Road bikes", "action_flag": 1, "change_message": "[{\"added\": {}}]"}}, {"model": "admin.logentry", "pk": 126, "fields": {"action_time": "2024-02-22T03:39:23.399Z", "user": 14, "content_type": 19, "object_id": "2", "object_repr": "Domane SLR 9 AXS Gen 4/Road bikes", "action_flag": 2, "change_message": "[{\"changed\": {\"fields\": [\"Color\"]}}]"}}, {"model": "admin.logentry", "pk": 127, "fields": {"action_time": "2024-02-22T03:42:32.598Z", "user": 14, "content_type": 19, "object_id": "4", "object_repr": "Domane SLR 9 AXS Gen 4/Road bikes", "action_flag": 3, "change_message": ""}}, {"model": "auth.permission", "pk": 1, "fields": {"name": "Can add log entry", "content_type": 1, "codename": "add_logentry"}}, {"model": "auth.permission", "pk": 2, "fields": {"name": "Can change log entry", "content_type": 1, "codename": "change_logentry"}}, {"model": "auth.permission", "pk": 3, "fields": {"name": "Can delete log entry", "content_type": 1, "codename": "delete_logentry"}}, {"model": "auth.permission", "pk": 4, "fields": {"name": "Can view log entry", "content_type": 1, "codename": "view_logentry"}}, {"model": "auth.permission", "pk": 5, "fields": {"name": "Can add permission", "content_type": 2, "codename": "add_permission"}}, {"model": "auth.permission", "pk": 6, "fields": {"name": "Can change permission", "content_type": 2, "codename": "change_permission"}}, {"model": "auth.permission", "pk": 7, "fields": {"name": "Can delete permission", "content_type": 2, "codename": "delete_permission"}}, {"model": "auth.permission", "pk": 8, "fields": {"name": "Can view permission", "content_type": 2, "codename": "view_permission"}}, {"model": "auth.permission", "pk": 9, "fields": {"name": "Can add group", "content_type": 3, "codename": "add_group"}}, {"model": "auth.permission", "pk": 10, "fields": {"name": "Can change group", "content_type": 3, "codename": "change_group"}}, {"model": "auth.permission", "pk": 11, "fields": {"name": "Can delete group", "content_type": 3, "codename": "delete_group"}}, {"model": "auth.permission", "pk": 12, "fields": {"name": "Can view group", "content_type": 3, "codename": "view_group"}}, {"model": "auth.permission", "pk": 13, "fields": {"name": "Can add content type", "content_type": 4, "codename": "add_contenttype"}}, {"model": "auth.permission", "pk": 14, "fields": {"name": "Can change content type", "content_type": 4, "codename": "change_contenttype"}}, {"model": "auth.permission", "pk": 15, "fields": {"name": "Can delete content type", "content_type": 4, "codename": "delete_contenttype"}}, {"model": "auth.permission", "pk": 16, "fields": {"name": "Can view content type", "content_type": 4, "codename": "view_contenttype"}}, {"model": "auth.permission", "pk": 17, "fields": {"name": "Can add session", "content_type": 5, "codename": "add_session"}}, {"model": "auth.permission", "pk": 18, "fields": {"name": "Can change session", "content_type": 5, "codename": "change_session"}}, {"model": "auth.permission", "pk": 19, "fields": {"name": "Can delete session", "content_type": 5, "codename": "delete_session"}}, {"model": "auth.permission", "pk": 20, "fields": {"name": "Can view session", "content_type": 5, "codename": "view_session"}}, {"model": "auth.permission", "pk": 21, "fields": {"name": "Can add user", "content_type": 6, "codename": "add_user"}}, {"model": "auth.permission", "pk": 22, "fields": {"name": "Can change user", "content_type": 6, "codename": "change_user"}}, {"model": "auth.permission", "pk": 23, "fields": {"name": "Can delete user", "content_type": 6, "codename": "delete_user"}}, {"model": "auth.permission", "pk": 24, "fields": {"name": "Can view user", "content_type": 6, "codename": "view_user"}}, {"model": "auth.permission", "pk": 25, "fields": {"name": "Can add favorites and other", "content_type": 7, "codename": "add_favoritesandother"}}, {"model": "auth.permission", "pk": 26, "fields": {"name": "Can change favorites and other", "content_type": 7, "codename": "change_favoritesandother"}}, {"model": "auth.permission", "pk": 27, "fields": {"name": "Can delete favorites and other", "content_type": 7, "codename": "delete_favoritesandother"}}, {"model": "auth.permission", "pk": 28, "fields": {"name": "Can view favorites and other", "content_type": 7, "codename": "view_favoritesandother"}}, {"model": "auth.permission", "pk": 29, "fields": {"name": "Can add language", "content_type": 8, "codename": "add_language"}}, {"model": "auth.permission", "pk": 30, "fields": {"name": "Can change language", "content_type": 8, "codename": "change_language"}}, {"model": "auth.permission", "pk": 31, "fields": {"name": "Can delete language", "content_type": 8, "codename": "delete_language"}}, {"model": "auth.permission", "pk": 32, "fields": {"name": "Can view language", "content_type": 8, "codename": "view_language"}}, {"model": "auth.permission", "pk": 33, "fields": {"name": "Can add site navigation", "content_type": 9, "codename": "add_sitenavigation"}}, {"model": "auth.permission", "pk": 34, "fields": {"name": "Can change site navigation", "content_type": 9, "codename": "change_sitenavigation"}}, {"model": "auth.permission", "pk": 35, "fields": {"name": "Can delete site navigation", "content_type": 9, "codename": "delete_sitenavigation"}}, {"model": "auth.permission", "pk": 36, "fields": {"name": "Can view site navigation", "content_type": 9, "codename": "view_sitenavigation"}}, {"model": "auth.permission", "pk": 37, "fields": {"name": "Can add social network", "content_type": 10, "codename": "add_socialnetwork"}}, {"model": "auth.permission", "pk": 38, "fields": {"name": "Can change social network", "content_type": 10, "codename": "change_socialnetwork"}}, {"model": "auth.permission", "pk": 39, "fields": {"name": "Can delete social network", "content_type": 10, "codename": "delete_socialnetwork"}}, {"model": "auth.permission", "pk": 40, "fields": {"name": "Can view social network", "content_type": 10, "codename": "view_socialnetwork"}}, {"model": "auth.permission", "pk": 41, "fields": {"name": "Can add chapter", "content_type": 11, "codename": "add_chapter"}}, {"model": "auth.permission", "pk": 42, "fields": {"name": "Can change chapter", "content_type": 11, "codename": "change_chapter"}}, {"model": "auth.permission", "pk": 43, "fields": {"name": "Can delete chapter", "content_type": 11, "codename": "delete_chapter"}}, {"model": "auth.permission", "pk": 44, "fields": {"name": "Can view chapter", "content_type": 11, "codename": "view_chapter"}}, {"model": "auth.permission", "pk": 45, "fields": {"name": "Can add sub category", "content_type": 12, "codename": "add_subcategory"}}, {"model": "auth.permission", "pk": 46, "fields": {"name": "Can change sub category", "content_type": 12, "codename": "change_subcategory"}}, {"model": "auth.permission", "pk": 47, "fields": {"name": "Can delete sub category", "content_type": 12, "codename": "delete_subcategory"}}, {"model": "auth.permission", "pk": 48, "fields": {"name": "Can view sub category", "content_type": 12, "codename": "view_subcategory"}}, {"model": "auth.permission", "pk": 49, "fields": {"name": "Can add category", "content_type": 13, "codename": "add_category"}}, {"model": "auth.permission", "pk": 50, "fields": {"name": "Can change category", "content_type": 13, "codename": "change_category"}}, {"model": "auth.permission", "pk": 51, "fields": {"name": "Can delete category", "content_type": 13, "codename": "delete_category"}}, {"model": "auth.permission", "pk": 52, "fields": {"name": "Can view category", "content_type": 13, "codename": "view_category"}}, {"model": "auth.permission", "pk": 53, "fields": {"name": "Can add suspension travel", "content_type": 14, "codename": "add_suspensiontravel"}}, {"model": "auth.permission", "pk": 54, "fields": {"name": "Can change suspension travel", "content_type": 14, "codename": "change_suspensiontravel"}}, {"model": "auth.permission", "pk": 55, "fields": {"name": "Can delete suspension travel", "content_type": 14, "codename": "delete_suspensiontravel"}}, {"model": "auth.permission", "pk": 56, "fields": {"name": "Can view suspension travel", "content_type": 14, "codename": "view_suspensiontravel"}}, {"model": "auth.permission", "pk": 57, "fields": {"name": "Can add bicycle galery", "content_type": 15, "codename": "add_bicyclegalery"}}, {"model": "auth.permission", "pk": 58, "fields": {"name": "Can change bicycle galery", "content_type": 15, "codename": "change_bicyclegalery"}}, {"model": "auth.permission", "pk": 59, "fields": {"name": "Can delete bicycle galery", "content_type": 15, "codename": "delete_bicyclegalery"}}, {"model": "auth.permission", "pk": 60, "fields": {"name": "Can view bicycle galery", "content_type": 15, "codename": "view_bicyclegalery"}}, {"model": "auth.permission", "pk": 61, "fields": {"name": "Can add wheel size", "content_type": 16, "codename": "add_wheelsize"}}, {"model": "auth.permission", "pk": 62, "fields": {"name": "Can change wheel size", "content_type": 16, "codename": "change_wheelsize"}}, {"model": "auth.permission", "pk": 63, "fields": {"name": "Can delete wheel size", "content_type": 16, "codename": "delete_wheelsize"}}, {"model": "auth.permission", "pk": 64, "fields": {"name": "Can view wheel size", "content_type": 16, "codename": "view_wheelsize"}}, {"model": "auth.permission", "pk": 65, "fields": {"name": "Can add manufacturer", "content_type": 17, "codename": "add_manufacturer"}}, {"model": "auth.permission", "pk": 66, "fields": {"name": "Can change manufacturer", "content_type": 17, "codename": "change_manufacturer"}}, {"model": "auth.permission", "pk": 67, "fields": {"name": "Can delete manufacturer", "content_type": 17, "codename": "delete_manufacturer"}}, {"model": "auth.permission", "pk": 68, "fields": {"name": "Can view manufacturer", "content_type": 17, "codename": "view_manufacturer"}}, {"model": "auth.permission", "pk": 69, "fields": {"name": "Can add hamlet", "content_type": 18, "codename": "add_hamlet"}}, {"model": "auth.permission", "pk": 70, "fields": {"name": "Can change hamlet", "content_type": 18, "codename": "change_hamlet"}}, {"model": "auth.permission", "pk": 71, "fields": {"name": "Can delete hamlet", "content_type": 18, "codename": "delete_hamlet"}}, {"model": "auth.permission", "pk": 72, "fields": {"name": "Can view hamlet", "content_type": 18, "codename": "view_hamlet"}}, {"model": "auth.permission", "pk": 73, "fields": {"name": "Can add bicycle", "content_type": 19, "codename": "add_bicycle"}}, {"model": "auth.permission", "pk": 74, "fields": {"name": "Can change bicycle", "content_type": 19, "codename": "change_bicycle"}}, {"model": "auth.permission", "pk": 75, "fields": {"name": "Can delete bicycle", "content_type": 19, "codename": "delete_bicycle"}}, {"model": "auth.permission", "pk": 76, "fields": {"name": "Can view bicycle", "content_type": 19, "codename": "view_bicycle"}}, {"model": "auth.permission", "pk": 77, "fields": {"name": "Can add hamlet galery", "content_type": 20, "codename": "add_hamletgalery"}}, {"model": "auth.permission", "pk": 78, "fields": {"name": "Can change hamlet galery", "content_type": 20, "codename": "change_hamletgalery"}}, {"model": "auth.permission", "pk": 79, "fields": {"name": "Can delete hamlet galery", "content_type": 20, "codename": "delete_hamletgalery"}}, {"model": "auth.permission", "pk": 80, "fields": {"name": "Can view hamlet galery", "content_type": 20, "codename": "view_hamletgalery"}}, {"model": "auth.permission", "pk": 81, "fields": {"name": "Can add color", "content_type": 21, "codename": "add_color"}}, {"model": "auth.permission", "pk": 82, "fields": {"name": "Can change color", "content_type": 21, "codename": "change_color"}}, {"model": "auth.permission", "pk": 83, "fields": {"name": "Can delete color", "content_type": 21, "codename": "delete_color"}}, {"model": "auth.permission", "pk": 84, "fields": {"name": "Can view color", "content_type": 21, "codename": "view_color"}}, {"model": "auth.permission", "pk": 85, "fields": {"name": "Can add size", "content_type": 22, "codename": "add_size"}}, {"model": "auth.permission", "pk": 86, "fields": {"name": "Can change size", "content_type": 22, "codename": "change_size"}}, {"model": "auth.permission", "pk": 87, "fields": {"name": "Can delete size", "content_type": 22, "codename": "delete_size"}}, {"model": "auth.permission", "pk": 88, "fields": {"name": "Can view size", "content_type": 22, "codename": "view_size"}}, {"model": "auth.permission", "pk": 89, "fields": {"name": "Can add characteristic", "content_type": 23, "codename": "add_characteristic"}}, {"model": "auth.permission", "pk": 90, "fields": {"name": "Can change characteristic", "content_type": 23, "codename": "change_characteristic"}}, {"model": "auth.permission", "pk": 91, "fields": {"name": "Can delete characteristic", "content_type": 23, "codename": "delete_characteristic"}}, {"model": "auth.permission", "pk": 92, "fields": {"name": "Can view characteristic", "content_type": 23, "codename": "view_characteristic"}}, {"model": "auth.permission", "pk": 93, "fields": {"name": "Can add weight", "content_type": 24, "codename": "add_weight"}}, {"model": "auth.permission", "pk": 94, "fields": {"name": "Can change weight", "content_type": 24, "codename": "change_weight"}}, {"model": "auth.permission", "pk": 95, "fields": {"name": "Can delete weight", "content_type": 24, "codename": "delete_weight"}}, {"model": "auth.permission", "pk": 96, "fields": {"name": "Can view weight", "content_type": 24, "codename": "view_weight"}}, {"model": "auth.permission", "pk": 97, "fields": {"name": "Can add material", "content_type": 25, "codename": "add_material"}}, {"model": "auth.permission", "pk": 98, "fields": {"name": "Can change material", "content_type": 25, "codename": "change_material"}}, {"model": "auth.permission", "pk": 99, "fields": {"name": "Can delete material", "content_type": 25, "codename": "delete_material"}}, {"model": "auth.permission", "pk": 100, "fields": {"name": "Can view material", "content_type": 25, "codename": "view_material"}}, {"model": "auth.permission", "pk": 101, "fields": {"name": "Can add lighting", "content_type": 26, "codename": "add_lighting"}}, {"model": "auth.permission", "pk": 102, "fields": {"name": "Can change lighting", "content_type": 26, "codename": "change_lighting"}}, {"model": "auth.permission", "pk": 103, "fields": {"name": "Can delete lighting", "content_type": 26, "codename": "delete_lighting"}}, {"model": "auth.permission", "pk": 104, "fields": {"name": "Can view lighting", "content_type": 26, "codename": "view_lighting"}}, {"model": "auth.permission", "pk": 105, "fields": {"name": "Can add basket", "content_type": 27, "codename": "add_basket"}}, {"model": "auth.permission", "pk": 106, "fields": {"name": "Can change basket", "content_type": 27, "codename": "change_basket"}}, {"model": "auth.permission", "pk": 107, "fields": {"name": "Can delete basket", "content_type": 27, "codename": "delete_basket"}}, {"model": "auth.permission", "pk": 108, "fields": {"name": "Can view basket", "content_type": 27, "codename": "view_basket"}}, {"model": "auth.permission", "pk": 109, "fields": {"name": "Can add characteristic title", "content_type": 28, "codename": "add_characteristictitle"}}, {"model": "auth.permission", "pk": 110, "fields": {"name": "Can change characteristic title", "content_type": 28, "codename": "change_characteristictitle"}}, {"model": "auth.permission", "pk": 111, "fields": {"name": "Can delete characteristic title", "content_type": 28, "codename": "delete_characteristictitle"}}, {"model": "auth.permission", "pk": 112, "fields": {"name": "Can view characteristic title", "content_type": 28, "codename": "view_characteristictitle"}}, {"model": "auth.permission", "pk": 113, "fields": {"name": "Can add characteristic description", "content_type": 29, "codename": "add_characteristicdescription"}}, {"model": "auth.permission", "pk": 114, "fields": {"name": "Can change characteristic description", "content_type": 29, "codename": "change_characteristicdescription"}}, {"model": "auth.permission", "pk": 115, "fields": {"name": "Can delete characteristic description", "content_type": 29, "codename": "delete_characteristicdescription"}}, {"model": "auth.permission", "pk": 116, "fields": {"name": "Can view characteristic description", "content_type": 29, "codename": "view_characteristicdescription"}}, {"model": "auth.permission", "pk": 117, "fields": {"name": "Can add accessorie", "content_type": 30, "codename": "add_accessorie"}}, {"model": "auth.permission", "pk": 118, "fields": {"name": "Can change accessorie", "content_type": 30, "codename": "change_accessorie"}}, {"model": "auth.permission", "pk": 119, "fields": {"name": "Can delete accessorie", "content_type": 30, "codename": "delete_accessorie"}}, {"model": "auth.permission", "pk": 120, "fields": {"name": "Can view accessorie", "content_type": 30, "codename": "view_accessorie"}}, {"model": "auth.permission", "pk": 121, "fields": {"name": "Can add component", "content_type": 31, "codename": "add_component"}}, {"model": "auth.permission", "pk": 122, "fields": {"name": "Can change component", "content_type": 31, "codename": "change_component"}}, {"model": "auth.permission", "pk": 123, "fields": {"name": "Can delete component", "content_type": 31, "codename": "delete_component"}}, {"model": "auth.permission", "pk": 124, "fields": {"name": "Can view component", "content_type": 31, "codename": "view_component"}}, {"model": "auth.permission", "pk": 125, "fields": {"name": "Can add component galery", "content_type": 32, "codename": "add_componentgalery"}}, {"model": "auth.permission", "pk": 126, "fields": {"name": "Can change component galery", "content_type": 32, "codename": "change_componentgalery"}}, {"model": "auth.permission", "pk": 127, "fields": {"name": "Can delete component galery", "content_type": 32, "codename": "delete_componentgalery"}}, {"model": "auth.permission", "pk": 128, "fields": {"name": "Can view component galery", "content_type": 32, "codename": "view_componentgalery"}}, {"model": "auth.permission", "pk": 129, "fields": {"name": "Can add accessorie galery", "content_type": 20, "codename": "add_accessoriegalery"}}, {"model": "auth.permission", "pk": 130, "fields": {"name": "Can change accessorie galery", "content_type": 20, "codename": "change_accessoriegalery"}}, {"model": "auth.permission", "pk": 131, "fields": {"name": "Can delete accessorie galery", "content_type": 20, "codename": "delete_accessoriegalery"}}, {"model": "auth.permission", "pk": 132, "fields": {"name": "Can view accessorie galery", "content_type": 20, "codename": "view_accessoriegalery"}}, {"model": "auth.permission", "pk": 133, "fields": {"name": "Can add characteristic value", "content_type": 33, "codename": "add_characteristicvalue"}}, {"model": "auth.permission", "pk": 134, "fields": {"name": "Can change characteristic value", "content_type": 33, "codename": "change_characteristicvalue"}}, {"model": "auth.permission", "pk": 135, "fields": {"name": "Can delete characteristic value", "content_type": 33, "codename": "delete_characteristicvalue"}}, {"model": "auth.permission", "pk": 136, "fields": {"name": "Can view characteristic value", "content_type": 33, "codename": "view_characteristicvalue"}}, {"model": "auth.permission", "pk": 137, "fields": {"name": "Can add cart", "content_type": 34, "codename": "add_cart"}}, {"model": "auth.permission", "pk": 138, "fields": {"name": "Can change cart", "content_type": 34, "codename": "change_cart"}}, {"model": "auth.permission", "pk": 139, "fields": {"name": "Can delete cart", "content_type": 34, "codename": "delete_cart"}}, {"model": "auth.permission", "pk": 140, "fields": {"name": "Can view cart", "content_type": 34, "codename": "view_cart"}}, {"model": "auth.permission", "pk": 141, "fields": {"name": "Can add email verification", "content_type": 35, "codename": "add_emailverification"}}, {"model": "auth.permission", "pk": 142, "fields": {"name": "Can change email verification", "content_type": 35, "codename": "change_emailverification"}}, {"model": "auth.permission", "pk": 143, "fields": {"name": "Can delete email verification", "content_type": 35, "codename": "delete_emailverification"}}, {"model": "auth.permission", "pk": 144, "fields": {"name": "Can view email verification", "content_type": 35, "codename": "view_emailverification"}}, {"model": "contenttypes.contenttype", "pk": 1, "fields": {"app_label": "admin", "model": "logentry"}}, {"model": "contenttypes.contenttype", "pk": 2, "fields": {"app_label": "auth", "model": "permission"}}, {"model": "contenttypes.contenttype", "pk": 3, "fields": {"app_label": "auth", "model": "group"}}, {"model": "contenttypes.contenttype", "pk": 4, "fields": {"app_label": "contenttypes", "model": "contenttype"}}, {"model": "contenttypes.contenttype", "pk": 5, "fields": {"app_label": "sessions", "model": "session"}}, {"model": "contenttypes.contenttype", "pk": 6, "fields": {"app_label": "users", "model": "user"}}, {"model": "contenttypes.contenttype", "pk": 7, "fields": {"app_label": "app", "model": "favoritesandother"}}, {"model": "contenttypes.contenttype", "pk": 8, "fields": {"app_label": "app", "model": "language"}}, {"model": "contenttypes.contenttype", "pk": 9, "fields": {"app_label": "app", "model": "sitenavigation"}}, {"model": "contenttypes.contenttype", "pk": 10, "fields": {"app_label": "app", "model": "socialnetwork"}}, {"model": "contenttypes.contenttype", "pk": 11, "fields": {"app_label": "app", "model": "chapter"}}, {"model": "contenttypes.contenttype", "pk": 12, "fields": {"app_label": "app", "model": "subcategory"}}, {"model": "contenttypes.contenttype", "pk": 13, "fields": {"app_label": "app", "model": "category"}}, {"model": "contenttypes.contenttype", "pk": 14, "fields": {"app_label": "products", "model": "suspensiontravel"}}, {"model": "contenttypes.contenttype", "pk": 15, "fields": {"app_label": "products", "model": "bicyclegalery"}}, {"model": "contenttypes.contenttype", "pk": 16, "fields": {"app_label": "products", "model": "wheelsize"}}, {"model": "contenttypes.contenttype", "pk": 17, "fields": {"app_label": "products", "model": "manufacturer"}}, {"model": "contenttypes.contenttype", "pk": 18, "fields": {"app_label": "products", "model": "hamlet"}}, {"model": "contenttypes.contenttype", "pk": 19, "fields": {"app_label": "products", "model": "bicycle"}}, {"model": "contenttypes.contenttype", "pk": 20, "fields": {"app_label": "products", "model": "accessoriegalery"}}, {"model": "contenttypes.contenttype", "pk": 21, "fields": {"app_label": "products", "model": "color"}}, {"model": "contenttypes.contenttype", "pk": 22, "fields": {"app_label": "products", "model": "size"}}, {"model": "contenttypes.contenttype", "pk": 23, "fields": {"app_label": "products", "model": "characteristic"}}, {"model": "contenttypes.contenttype", "pk": 24, "fields": {"app_label": "products", "model": "weight"}}, {"model": "contenttypes.contenttype", "pk": 25, "fields": {"app_label": "products", "model": "material"}}, {"model": "contenttypes.contenttype", "pk": 26, "fields": {"app_label": "products", "model": "lighting"}}, {"model": "contenttypes.contenttype", "pk": 27, "fields": {"app_label": "baskets", "model": "basket"}}, {"model": "contenttypes.contenttype", "pk": 28, "fields": {"app_label": "products", "model": "characteristictitle"}}, {"model": "contenttypes.contenttype", "pk": 29, "fields": {"app_label": "products", "model": "characteristicdescription"}}, {"model": "contenttypes.contenttype", "pk": 30, "fields": {"app_label": "products", "model": "accessorie"}}, {"model": "contenttypes.contenttype", "pk": 31, "fields": {"app_label": "products", "model": "component"}}, {"model": "contenttypes.contenttype", "pk": 32, "fields": {"app_label": "products", "model": "componentgalery"}}, {"model": "contenttypes.contenttype", "pk": 33, "fields": {"app_label": "products", "model": "characteristicvalue"}}, {"model": "contenttypes.contenttype", "pk": 34, "fields": {"app_label": "carts", "model": "cart"}}, {"model": "contenttypes.contenttype", "pk": 35, "fields": {"app_label": "users", "model": "emailverification"}}, {"model": "sessions.session", "pk": "1b7nozh6wltdsabvhvu57vx6oygvvkyr", "fields": {"session_data": ".eJxVjEEOwiAQRe_C2hBaKAwu3fcMZJgBqRqalHZlvLtt0oVu33v_v0XAbS1ha2kJE4ur6MTll0WkZ6qH4AfW-yxprusyRXkk8rRNjjOn1-1s_w4KtrKvkbQC6zB7A-Q15TyA0tkabT11mDCR0dH2O9ZKOUiQ2fJgnALTA7P4fAHkvze9:1qnzYY:PiFlJ7AcLCPmq_1ySNRAec6ytixavcSOYD5MdYWW5Zc", "expire_date": "2023-10-18T10:56:42.444Z"}}, {"model": "sessions.session", "pk": "2g8ycgldw18lmbjf4tfx9b69f5twwgeb", "fields": {"session_data": "e30:1qxn6y:vQWoek_Rvpo-cKWBpLlALzV0_XLzGUqcoS1ezQ0kSwM", "expire_date": "2023-11-14T11:40:44.376Z"}}, {"model": "sessions.session", "pk": "2x6n5rsqlgmtprw3w9su5f3ix1i8s1k4", "fields": {"session_data": ".eJxVjEEOwiAQRe_C2hBaKAwu3fcMZJgBqRqalHZlvLtt0oVu33v_v0XAbS1ha2kJE4ur6MTll0WkZ6qH4AfW-yxprusyRXkk8rRNjjOn1-1s_w4KtrKvkbQC6zB7A-Q15TyA0tkabT11mDCR0dH2O9ZKOUiQ2fJgnALTA7P4fAHkvze9:1r5Hho:1fpmiLxcTVxvX7_MNcCmVH6cFQiIKibsGHODDzHiBHc", "expire_date": "2023-12-05T03:45:44.356Z"}}, {"model": "sessions.session", "pk": "3riyahtflbggc2v90zwoyihouw5z8rdn", "fields": {"session_data": ".eJxVjEEOwiAQRe_C2hBaKAwu3fcMZJgBqRqalHZlvLtt0oVu33v_v0XAbS1ha2kJE4ur6MTll0WkZ6qH4AfW-yxprusyRXkk8rRNjjOn1-1s_w4KtrKvkbQC6zB7A-Q15TyA0tkabT11mDCR0dH2O9ZKOUiQ2fJgnALTA7P4fAHkvze9:1rIuDb:vb1bvsZzNhPBfmzMQwbBXGAwtUFisuMvG_Cdb-_h8Js", "expire_date": "2024-01-11T17:30:51.416Z"}}, {"model": "sessions.session", "pk": "5c6kbxusdn4qaqanrbt3l18jh7b3985t", "fields": {"session_data": ".eJxVjEEOwiAQRe_C2hBaKAwu3fcMZJgBqRqalHZlvLtt0oVu33v_v0XAbS1ha2kJE4ur6MTll0WkZ6qH4AfW-yxprusyRXkk8rRNjjOn1-1s_w4KtrKvkbQC6zB7A-Q15TyA0tkabT11mDCR0dH2O9ZKOUiQ2fJgnALTA7P4fAHkvze9:1r92iJ:ZuCnEBaFI5oVHeU7fwitKDnZ7eLDJmA82s8_gkHghIA", "expire_date": "2023-12-15T12:33:47.889Z"}}, {"model": "sessions.session", "pk": "6dgsa942p94db4snmplr6o56f3vihyox", "fields": {"session_data": ".eJxVjEEOwiAQRe_C2hBaKAwu3fcMZJgBqRqalHZlvLtt0oVu33v_v0XAbS1ha2kJE4ur6MTll0WkZ6qH4AfW-yxprusyRXkk8rRNjjOn1-1s_w4KtrKvkbQC6zB7A-Q15TyA0tkabT11mDCR0dH2O9ZKOUiQ2fJgnALTA7P4fAHkvze9:1qqUd5:LD9opulWMEL4ulPGVeQErwAmrXVwtmSBD8yQxizNVA8", "expire_date": "2023-10-25T08:31:43.714Z"}}, {"model": "sessions.session", "pk": "9v1pj1oe8vgqs79nacgekdj5vuecoz16", "fields": {"session_data": ".eJxVjEsOAiEQRO_C2hDAhkaX7j0DaRqQUQPJfFbGuyvJLLSW9V7VSwTa1hq2Jc9hSuIsNIjDbxmJH7kNku7Ubl1yb-s8RTkUudNFXnvKz8vu_h1UWupYa2XYWgQPhU4GmbzXLgFGxYgGovXuG2BNyoJNBo7IzhIaH3MpTrw_30I3Iw:1rZ0H2:EYEngTbVulJzJtCKm7LvnhXEti4kmMt5BonYr4kI2hk", "expire_date": "2024-02-25T03:12:56.747Z"}}, {"model": "sessions.session", "pk": "a87zozwgpbmch4782t2vlgtt1e7zo7sx", "fields": {"session_data": "e30:1qxn76:3bgTeU3EQ0dXg04hMe6-5IIISXiM1nZMGYJsMB_s7Dc", "expire_date": "2023-11-14T11:40:52.984Z"}}, {"model": "sessions.session", "pk": "azpb7if0yckvnx1qltf7r2fgua8ga2kx", "fields": {"session_data": ".eJxVjEsOAiEQRO_C2hDAhkaX7j0DaRqQUQPJfFbGuyvJLLSW9V7VSwTa1hq2Jc9hSuIsNIjDbxmJH7kNku7Ubl1yb-s8RTkUudNFXnvKz8vu_h1UWupYa2XYWgQPhU4GmbzXLgFGxYgGovXuG2BNyoJNBo7IzhIaH3MpTrw_30I3Iw:1rZ9bu:DomsqQWL7tRxnCuhDXCVfPpLKapL5rfzyO9j2Uh0axU", "expire_date": "2024-02-25T13:11:06.847Z"}}, {"model": "sessions.session", "pk": "b6avp0e28urf0j8pbvd6z38iaqxj0dyu", "fields": {"session_data": "e30:1rSG0i:_yGEgpaAjrizv7wQWQJO4EASYVWayPK8Bb-k8fqjFSw", "expire_date": "2024-02-06T12:36:12.935Z"}}, {"model": "sessions.session", "pk": "cvbaczvh53o7936kcqfflalwszse898x", "fields": {"session_data": "e30:1qxn4H:1Is6ejkEBAPLe0SVDpr66dL14ZMPTZvyEbZdvdl9O8k", "expire_date": "2023-11-14T11:37:57.726Z"}}, {"model": "sessions.session", "pk": "ejas2t4dnihyv3lnnnez2byeas8drpvd", "fields": {"session_data": ".eJxVjEEOwiAQRe_C2hBaKAwu3fcMZJgBqRqalHZlvLtt0oVu33v_v0XAbS1ha2kJE4ur6MTll0WkZ6qH4AfW-yxprusyRXkk8rRNjjOn1-1s_w4KtrKvkbQC6zB7A-Q15TyA0tkabT11mDCR0dH2O9ZKOUiQ2fJgnALTA7P4fAHkvze9:1qrgDw:tRQOvwu8M52mfBU-teYzbTwFPOoTpWQcGm-tw5Xt9bs", "expire_date": "2023-10-28T15:06:40.652Z"}}, {"model": "sessions.session", "pk": "gpj4a48w3a3hksx3ad9p95c282oynucm", "fields": {"session_data": ".eJxVjEsOAiEQRO_C2hDAhkaX7j0DaRqQUQPJfFbGuyvJLLSW9V7VSwTa1hq2Jc9hSuIsNIjDbxmJH7kNku7Ubl1yb-s8RTkUudNFXnvKz8vu_h1UWupYa2XYWgQPhU4GmbzXLgFGxYgGovXuG2BNyoJNBo7IzhIaH3MpTrw_30I3Iw:1rVy4V:RAjb2grnju8qJHhBJmVONyMsp3thA5D76i4g2XhiiUA", "expire_date": "2024-02-16T18:15:27.344Z"}}, {"model": "sessions.session", "pk": "gygvkldqaectg1g2r9o0iaq4y3x8k0a9", "fields": {"session_data": ".eJxVjEEOwiAQRe_C2hBaKAwu3fcMZJgBqRqalHZlvLtt0oVu33v_v0XAbS1ha2kJE4ur6MTll0WkZ6qH4AfW-yxprusyRXkk8rRNjjOn1-1s_w4KtrKvkbQC6zB7A-Q15TyA0tkabT11mDCR0dH2O9ZKOUiQ2fJgnALTA7P4fAHkvze9:1qr3SM:uMb_n6x59pj_p81k7_oCIcWIkw98WF9C7cz86gZWXdI", "expire_date": "2023-10-26T21:42:58.364Z"}}, {"model": "sessions.session", "pk": "hggiez9dl1432fqswgm87ocnhagfxwdi", "fields": {"session_data": ".eJxVjEEOwiAQRe_C2hBaKAwu3fcMZJgBqRqalHZlvLtt0oVu33v_v0XAbS1ha2kJE4ur6MTll0WkZ6qH4AfW-yxprusyRXkk8rRNjjOn1-1s_w4KtrKvkbQC6zB7A-Q15TyA0tkabT11mDCR0dH2O9ZKOUiQ2fJgnALTA7P4fAHkvze9:1qmxcV:rITBxb225QXbeUSRiVNzzXijHuHZtwksQCMdI8WJb3Q", "expire_date": "2023-10-15T14:40:31.218Z"}}, {"model": "sessions.session", "pk": "hzeyqh8i91otww1ir9upoljqcbzo8jqi", "fields": {"session_data": ".eJxVjEEOwiAQRe_C2hBaKAwu3fcMZJgBqRqalHZlvLtt0oVu33v_v0XAbS1ha2kJE4ur6MTll0WkZ6qH4AfW-yxprusyRXkk8rRNjjOn1-1s_w4KtrKvkbQC6zB7A-Q15TyA0tkabT11mDCR0dH2O9ZKOUiQ2fJgnALTA7P4fAHkvze9:1qomBk:E7JqpoD5ivEacO2ySU-YmhVyA8jo4NT9JLOl7qNpr7Y", "expire_date": "2023-10-20T14:52:24.844Z"}}, {"model": "sessions.session", "pk": "kp7g1yd03i2mjil9lwea6tcpsf2cw8dy", "fields": {"session_data": ".eJxVjMsOwiAQRf-FtSG8Cy7d-w2EgRmpGkhKuzL-uzbpQrf3nHNfLKZtrXEbuMS5sDNz7PS7QcoPbDso99Runefe1mUGviv8oINfe8Hn5XD_Dmoa9VsHRyCyMMVon81ELlHQFjNJEWRwyoB0oGlCRdIqUD4IoY1CgWRBO8_eH9rrN0k:1qpGrZ:YIvasba_OxVVshME1c0QH80VD5iHKXOShATZb8KBAEk", "expire_date": "2023-10-21T23:37:37.573Z"}}, {"model": "sessions.session", "pk": "l8xgneogpbejp239qlvrci13q50bgegs", "fields": {"session_data": ".eJxVjEEOwiAQRe_C2hBaKAwu3fcMZJgBqRqalHZlvLtt0oVu33v_v0XAbS1ha2kJE4ur6MTll0WkZ6qH4AfW-yxprusyRXkk8rRNjjOn1-1s_w4KtrKvkbQC6zB7A-Q15TyA0tkabT11mDCR0dH2O9ZKOUiQ2fJgnALTA7P4fAHkvze9:1rCJwg:HuVmV0S9CNDbx41Jz4yA1pPu0Prtfc3ISG_tUU5pxjw", "expire_date": "2023-12-24T13:34:10.293Z"}}, {"model": "sessions.session", "pk": "npw1gqycr1gyryoxjvw699of3muu2qjw", "fields": {"session_data": ".eJxVjEEOwiAQRe_C2hAGKlCX7nsGMjCDVA0kpV0Z765NutDtf-_9lwi4rSVsnZcwk7iIUZx-t4jpwXUHdMd6azK1ui5zlLsiD9rl1Iif18P9OyjYy7fOxhnHCj17BQqRcNQGLTMmyBmIEGz22aUzDpCY9GCTNpHB8AAQvXh_AAydONw:1qpFkf:Xm446jDMNDbkuEp1TfdGHb-ummkFOKh8yRyCK2EDCgo", "expire_date": "2023-10-21T22:26:25.919Z"}}, {"model": "sessions.session", "pk": "nu0rmdzvejq7dl84hb69j620rq6uurjd", "fields": {"session_data": ".eJxVjEEOwiAQRe_C2hBaKAwu3fcMZJgBqRqalHZlvLtt0oVu33v_v0XAbS1ha2kJE4ur6MTll0WkZ6qH4AfW-yxprusyRXkk8rRNjjOn1-1s_w4KtrKvkbQC6zB7A-Q15TyA0tkabT11mDCR0dH2O9ZKOUiQ2fJgnALTA7P4fAHkvze9:1qyXW9:vn-vGw2XmIb32RTbM70wNkPzSsmlMIW0UrrNT3gFU1A", "expire_date": "2023-11-16T13:13:49.492Z"}}, {"model": "sessions.session", "pk": "nz2zw7kbb949b64nnp5ttsvtdzqsb3zw", "fields": {"session_data": ".eJxVjMsOwiAUBf-FtSG0XCi4dO83kPugUjU0Ke3K-O_apAvdnpk5L5VwW0vaWl7SJOqseqtOvyMhP3Ldidyx3mbNc12XifSu6IM2fZ0lPy-H-3dQsJVv7QlEQnAkCHkAF5nBorfOQibDzjCjiWGMXSdie0DrnHg0YSAYs6B6fwAWDziN:1rVhf7:fat2Z8XOBOqPY1ISLRc3y_IMwyNHpK1zCYW3TZRgyWM", "expire_date": "2024-02-16T00:44:09.881Z"}}, {"model": "sessions.session", "pk": "t8i56tgg8fsfoy2s5e34yc7c55dkyf1k", "fields": {"session_data": "e30:1qxn6U:rbyh4tBMJhz5vTmRdpFvAM8QvXJ_E1qKnf5ACNnAwPQ", "expire_date": "2023-11-14T11:40:14.333Z"}}, {"model": "sessions.session", "pk": "uoxpgs0254q1wum2ep6berq19zrv6djs", "fields": {"session_data": ".eJxVjEEOwiAQRe_C2hBaKAwu3fcMZJgBqRqalHZlvLtt0oVu33v_v0XAbS1ha2kJE4ur6MTll0WkZ6qH4AfW-yxprusyRXkk8rRNjjOn1-1s_w4KtrKvkbQC6zB7A-Q15TyA0tkabT11mDCR0dH2O9ZKOUiQ2fJgnALTA7P4fAHkvze9:1qxn7h:WCkpL2iSdSfvn33LCMZNGVY5dQncOEDMU3U9MqLR93w", "expire_date": "2023-11-14T11:41:29.784Z"}}, {"model": "sessions.session", "pk": "wcuibt9ecn41s0sx6mc08p2qjrrs346p", "fields": {"session_data": ".eJxVjEEOwiAQRe_C2pACLcy4dN8zkBkGbNWUpLQr491Nky50-997_60i7dsU95bXOIu6KtOry-_IlJ55OYg8aLlXneqyrTPrQ9EnbXqskl-30_07mKhNRw0ud8jODNZBCSVZtjhYD5ww-FDAExFjKsgoRmwnyRjHjB6CQN-pzxcHADga:1rd8pO:-4AJbYbVIXozK6j4BuMxvv3ymwCCcsdW3hT2SWN3AoU", "expire_date": "2024-03-07T13:09:30.706Z"}}, {"model": "users.user", "pk": 14, "fields": {"password": "pbkdf2_sha256$720000$LLFV1Y7Z9eS2WwVIlBPTGM$Nim/ymN4R/cjiPd+iXS17QU6sJ2GEpfI9juuk3xD9rE=", "last_login": "2024-02-22T13:09:30.701Z", "is_superuser": true, "username": "admin", "first_name": "", "last_name": "", "email": "admin@admin.com", "is_staff": true, "is_active": true, "date_joined": "2024-01-23T16:19:26.083Z", "image": "", "is_verifited_email": false, "groups": [], "user_permissions": []}}, {"model": "users.user", "pk": 23, "fields": {"password": "pbkdf2_sha256$600000$uy276kdTFpNXDg1ySvaFVN$FkWrCW7CUCnlsECUxscJ92pwAlU5zYDytmgZokchAhc=", "last_login": "2024-02-02T00:44:09.876Z", "is_superuser": false, "username": "denys", "first_name": "denys", "last_name": "denys", "email": "den.92@i.ua", "is_staff": false, "is_active": true, "date_joined": "2024-02-02T00:43:00.516Z", "image": "", "is_verifited_email": true, "groups": [], "user_permissions": []}}, {"model": "users.emailverification", "pk": 10, "fields": {"code": "c4ef1dfd-4ff8-437c-af12-77e4c45bed51", "user": 23, "created": "2024-02-02T00:43:01.248Z", "expiration": "2024-02-04T00:43:01.248Z"}}, {"model": "app.sitenavigation", "pk": 1, "fields": {"slug": "about-us", "name": "About us", "description": "About us"}}, {"model": "app.sitenavigation", "pk": 2, "fields": {"slug": "contacts", "name": "Contacts", "description": "Contacts"}}, {"model": "app.sitenavigation", "pk": 3, "fields": {"slug": "delivery-and-payment", "name": "Delivery and Payment", "description": "Delivery and Payment"}}, {"model": "app.socialnetwork", "pk": 1, "fields": {"name": "Instagram", "image": "images/icons/social_networks/icon_instagram.png", "link": "instagram.com"}}, {"model": "app.socialnetwork", "pk": 2, "fields": {"name": "Facebook", "image": "images/icons/social_networks/icon_facebook.png", "link": "facebook.com"}}, {"model": "app.socialnetwork", "pk": 3, "fields": {"name": "Telegram", "image": "images/icons/social_networks/icon_telegram.png", "link": "t.me/formula1"}}, {"model": "app.favoritesandother", "pk": 1, "fields": {"slug": "favorites", "name": "Favorites", "icon": "images/icons/favorites_and_other/icon_heart.png", "value": 0}}, {"model": "app.favoritesandother", "pk": 2, "fields": {"slug": "comparisons", "name": "Comparisons", "icon": "images/icons/favorites_and_other/icon_comparisons.png", "value": 0}}, {"model": "app.language", "pk": 1, "fields": {"slug": "ua", "name": "Ukrainian", "icon": "images/icons/languages/icon_ua.png", "short_name": "UA"}}, {"model": "app.language", "pk": 2, "fields": {"slug": "en", "name": "English", "icon": "images/icons/languages/icon_uk.png", "short_name": "EN"}}, {"model": "app.chapter", "pk": 1, "fields": {"slug": "bicycles", "name": "Bicycles", "image": "images/icons/categories/road_bikes.png", "description": "Bicycles"}}, {"model": "app.chapter", "pk": 2, "fields": {"slug": "accessories", "name": "Accessories", "image": "images/icons/categories/components.jpg", "description": "Accessories"}}, {"model": "app.chapter", "pk": 3, "fields": {"slug": "components", "name": "Components", "image": "images/icons/categories/components_IWLQTkE.jpg", "description": "Components"}}, {"model": "app.chapter", "pk": 4, "fields": {"slug": "workshop", "name": "Workshop", "image": "images/icons/categories/workshop.jpg", "description": "Workshop"}}, {"model": "app.category", "pk": 1, "fields": {"slug": "road-bikes", "name": "Road bikes", "image": "images/icons/categories/road_bikes_L9e4qgd.png", "description": "Mountain bikes", "chapter": 1}}, {"model": "app.category", "pk": 2, "fields": {"slug": "mountain-bikes", "name": "Mountain bikes", "image": "images/icons/categories/gravel_bikes.png", "description": "Mountain bikes", "chapter": 1}}, {"model": "app.category", "pk": 3, "fields": {"slug": "rider-gear", "name": "Rider gear", "image": "images/icons/categories/pngwing.com.png", "description": "Rider gear", "chapter": 2}}, {"model": "app.subcategory", "pk": 1, "fields": {"slug": "gravel", "name": "Gravel", "image": "images/icons/categories/gravel_bikes_YiMnF7o.png", "description": "Gravel", "category": 1, "sub_category": 6}}, {"model": "app.subcategory", "pk": 2, "fields": {"slug": "helmets", "name": "Helmets", "image": "images/icons/categories/hamlets.png", "description": "Helmets", "category": 3, "sub_category": 3}}, {"model": "app.subcategory", "pk": 3, "fields": {"slug": "for-child", "name": "For child", "image": "images/icons/categories/pngwing.com_1.png", "description": "For child", "category": 3, "sub_category": null}}, {"model": "app.subcategory", "pk": 4, "fields": {"slug": "trail", "name": "Trail", "image": "images/icons/categories/specialized.png", "description": "Trail", "category": 2, "sub_category": null}}, {"model": "app.subcategory", "pk": 5, "fields": {"slug": "fet-bike", "name": "Fet-bike", "image": "images/icons/categories/specialized_kKi0jQC.png", "description": "Shosse", "category": 2, "sub_category": 4}}, {"model": "app.subcategory", "pk": 6, "fields": {"slug": "hardtail", "name": "Hardtail", "image": "images/icons/categories/specialized_K0GrN66.png", "description": "Hardtail", "category": 2, "sub_category": 1}}, {"model": "products.manufacturer", "pk": 1, "fields": {"slug": "specialized", "name": "Specialized", "image": "images/manufactirers/specialized.png", "description": "Specialized"}}, {"model": "products.manufacturer", "pk": 2, "fields": {"slug": "cube", "name": "Cube", "image": "images/manufactirers/CUBE_Logo_-_schwarz_RGB.svg", "description": "Cube"}}, {"model": "products.manufacturer", "pk": 3, "fields": {"slug": "trek", "name": "Trek", "image": "images/manufactirers/1.png", "description": "Trek"}}, {"model": "products.color", "pk": 1, "fields": {"color": "gray", "rgb": "(128,128,128)"}}, {"model": "products.color", "pk": 2, "fields": {"color": "black", "rgb": "(0,0,0)"}}, {"model": "products.color", "pk": 3, "fields": {"color": "Blue", "rgb": "555555"}}, {"model": "products.color", "pk": 4, "fields": {"color": "King blue", "rgb": "(65,105,225)"}}, {"model": "products.size", "pk": 1, "fields": {"short_name": "18", "minimal": 170, "maximal": 175}}, {"model": "products.size", "pk": 3, "fields": {"short_name": "29", "minimal": 175, "maximal": 180}}, {"model": "products.size", "pk": 4, "fields": {"short_name": "S-16\"", "minimal": 155, "maximal": 160}}, {"model": "products.size", "pk": 5, "fields": {"short_name": "XS", "minimal": 35, "maximal": 37}}, {"model": "products.wheelsize", "pk": 1, "fields": {"size": "29.0"}}, {"model": "products.wheelsize", "pk": 2, "fields": {"size": "28.0"}}, {"model": "products.wheelsize", "pk": 3, "fields": {"size": "27.0"}}, {"model": "products.suspensiontravel", "pk": 1, "fields": {"suspension_travel": 210.0}}, {"model": "products.suspensiontravel", "pk": 2, "fields": {"suspension_travel": 100.0}}, {"model": "products.material", "pk": 1, "fields": {"name": "carbon"}}, {"model": "products.material", "pk": 2, "fields": {"name": "alloy"}}, {"model": "products.weight", "pk": 1, "fields": {"weight": 15000.0}}, {"model": "products.weight", "pk": 2, "fields": {"weight": 12000.0}}, {"model": "products.weight", "pk": 3, "fields": {"weight": 13.0}}, {"model": "products.weight", "pk": 4, "fields": {"weight": 0.23}}, {"model": "products.characteristic", "pk": 1, "fields": {"name": "Brake system"}}, {"model": "products.characteristic", "pk": 2, "fields": {"name": "Rear derailleur"}}, {"model": "products.characteristic", "pk": 3, "fields": {"name": "Shifters"}}, {"model": "products.characteristicvalue", "pk": 1, "fields": {"name": 1, "description": "Shimano XT BR-M8100, Hydr. Disc Brake, PM/FM"}}, {"model": "products.characteristicvalue", "pk": 2, "fields": {"name": 2, "description": "Shimano XT RD-M8100-SGS, ShadowPlus, 12-Speed"}}, {"model": "products.characteristicvalue", "pk": 3, "fields": {"name": 3, "description": "Shimano Deore SL-M6100-IR, Direct Attach, Rapidfir"}}, {"model": "products.bicycle", "pk": 1, "fields": {"slug": "stumpjumper-evo-expert", "manufacturer": 1, "label": "Stumpjumper EVO Expert", "price": "1200.00", "description": "Total control, unparalleled bump-eating suspension, and a fine-tunable geometry are hallmarks of the all-new Stumpjumper EVO Expert. Top it off with a build that blends quality, affordability, and durability, and it’s the perfect trail partner, no matter where those trails are, or how rowdy they get.\r\n\r\nAll the travel in the world is useless without the proper shock tuning and kinematics. For the new Stumpjumper EVO design, we prioritized kinematic performance. Applying lessons learned while developing the Enduro, then following that with more than 1,000 hours of field and suspension lab development, we’ve not only improved the pedaling performance of the Stumpjumper, but we’ve made it more capable, agile, and lively. We increased anti-squat, so the suspension better resists pedal bob, and we further improved bump performance on square-edge hits. Bottom line? This thing shreds trails, not legs.\r\nThe S-Sizing geometry of the new Stumpjumper EVO is our most progressive yet. Long, low, slack, short offset fork, steeper seat tube angle – these are requirements for modern progressive riding. But not everyone jibs the same way, which is why the geo on the new Stumpjumper EVO is fully adjustable with six different settings. You can adjust the BB height by 10mm, you can adjust your head angle by two-degrees, and you can make these adjustments independently of each other. Finally, if you want to go full-party mullet-mode, the EVO lets you run a 27.5-inch rear wheel mated with a 29-inch front.\r\nRider-First Engineered™ frames use a size-specific approach to ride characteristics that ensures benchmark handling and flawless performance, regardless of frame or rider size. Whether you’re a jump-happy grom riding an S1, or a DH-fiend giant in need of the lengthy S6, you’ll experience the same ride traits – rail-sharp cornering and balanced front and rear stiffness – at the lightest-possible weight.\r\nWe introduced the SWAT™ door on the Stumpjumper in 2016, adding room IN your frame for those “oh sh**t” necessities like pumps and spare tubes, and immediately rendering jersey pockets redundant. With the new Stumpjumper, we have increased the volume and added a SWAT™ Bladder, giving you an extra 22oz of water storage – the same size as a small water bottle – hidden in your downtube.", "article": "96322-3001", "category": 2, "subcategory": 4, "rating": 0.0, "value": 0, "image": "images/products/96322-3001/96322-3001.png", "model": "Stumpjumper", "wheel": 1, "frame_size": 1, "frame_material": 1, "suspension": true, "suspension_travel": 1, "weight": 1, "year": 2023, "characteristics": [1, 2, 3], "color": [1, 2]}}, {"model": "products.bicycle", "pk": 2, "fields": {"slug": "domane-slr-9-axs-gen-4", "manufacturer": 1, "label": "Domane SLR 9 AXS Gen 4", "price": "1500.00", "description": "Domane SLR 9 AXS Gen 4", "article": "5281303", "category": 1, "subcategory": 1, "rating": 0.0, "value": 0, "image": "images/products/5281303/5281303.jpg", "model": "Domane", "wheel": 2, "frame_size": 3, "frame_material": 2, "suspension": false, "suspension_travel": 1, "weight": 2, "year": 2022, "characteristics": [1, 2, 3], "color": [2]}}, {"model": "products.bicycle", "pk": 3, "fields": {"slug": "reaction-pro", "manufacturer": 2, "label": "Reaction Pro", "price": "1400.00", "description": "The Reaction Pro's sleek looks are thanks to its Smooth Welded head tube and seat tube junctions. It incorporates a threaded bottom bracket and internal cable routing for long-lasting service and simple maintenance. There's even a flat disc mount that integrates seamlessly with our kickstand mount, and integrated mounting points for ACID mudguards and carrier. Updated geometry includes a lower top tube and tapered head tube for more confident handling, cables run internally for reduced maintenance, and there's plenty of room to run wide, grippy and comfortable 2.25in tyres. And, as your skills increase, there's scope to fit a dropper post upgrade.", "article": "612110", "category": 2, "subcategory": 6, "rating": 3.0, "value": 0, "image": "images/products/612110/612110.jpg", "model": "Reaction Pro", "wheel": 3, "frame_size": 4, "frame_material": 2, "suspension": true, "suspension_travel": 2, "weight": 3, "year": 2023, "characteristics": [1, 2, 3], "color": []}}, {"model": "products.bicyclegalery", "pk": 1, "fields": {"article": "96322-3001", "product": 1, "image": "images/products/96322-3001/96322-3001_wbYMzuF.jpg"}}, {"model": "products.bicyclegalery", "pk": 2, "fields": {"article": "96322-3001", "product": 1, "image": "images/products/96322-3001/96322-3001_T0mBThs.jpg"}}, {"model": "products.bicyclegalery", "pk": 3, "fields": {"article": "5281303", "product": 2, "image": "images/products/5281303/5281303.png"}}, {"model": "products.bicyclegalery", "pk": 4, "fields": {"article": "5281303", "product": 2, "image": "images/products/5281303/5281303_qMldKw3.jpg"}}, {"model": "products.bicyclegalery", "pk": 5, "fields": {"article": "5281303", "product": 2, "image": "images/products/5281303/5281303_jJfwbD1.png"}}, {"model": "products.bicyclegalery", "pk": 6, "fields": {"article": "612110", "product": 3, "image": "images/products/612110/612110_soofQr6.jpg"}}, {"model": "products.bicyclegalery", "pk": 7, "fields": {"article": "612110", "product": 3, "image": "images/products/612110/612110_trSkrVC.jpg"}}, {"model": "products.bicyclegalery", "pk": 8, "fields": {"article": "612110", "product": 3, "image": "images/products/612110/612110.png"}}, {"model": "products.bicyclegalery", "pk": 9, "fields": {"article": "96322-3001", "product": 1, "image": "images/products/96322-3001/96322-3001_zfi2XsS.jpg"}}, {"model": "carts.cart", "pk": 41, "fields": {"user": 14, "product": "5281303", "quantity": 0}}]